Id,ActivityDay,TotalSteps,TotalDistance,VeryActiveMinutes,FairlyActiveMinutes,LightlyActiveMinutes,SedentaryMinutes,Calories
1503960366,2016-04-12,13162,8.50,25,13,328,728,1985
1503960366,2016-04-13,10735,6.97,21,19,217,776,1797
1503960366,2016-04-14,10460,6.74,30,11,181,1218,1776
1503960366,2016-04-15,9762,6.28,29,34,209,726,1745
1503960366,2016-04-16,12669,8.16,36,10,221,773,1863
1503960366,2016-04-17,9705,6.48,38,20,164,539,1728
1503960366,2016-04-18,13019,8.59,42,16,233,1149,1921
1503960366,2016-04-19,15506,9.88,50,31,264,775,2035
1503960366,2016-04-20,10544,6.68,28,12,205,818,1786
1503960366,2016-04-21,9819,6.34,19,8,211,838,1775
1503960366,2016-04-22,12764,8.13,66,27,130,1217,1827
1503960366,2016-04-23,14371,9.04,41,21,262,732,1949
1503960366,2016-04-24,10039,6.41,39,5,238,709,1788
1503960366,2016-04-25,15355,9.80,73,14,216,814,2013
1503960366,2016-04-26,13755,8.79,31,23,279,833,1970
1503960366,2016-04-27,18134,12.21,78,11,243,1108,2159
1503960366,2016-04-28,13154,8.53,48,28,189,782,1898
1503960366,2016-04-29,11181,7.15,16,12,243,815,1837
1503960366,2016-04-30,14673,9.25,52,34,217,712,1947
1503960366,2016-05-01,10602,6.81,33,35,246,730,1820
1503960366,2016-05-02,14727,9.71,41,15,277,798,2004
1503960366,2016-05-03,15103,9.66,50,24,254,816,1990
1503960366,2016-05-04,11100,7.15,36,22,203,1179,1819
1503960366,2016-05-05,14070,8.90,45,24,250,857,1959
1503960366,2016-05-06,12159,8.03,24,6,289,754,1896
1503960366,2016-05-07,11992,7.71,37,46,175,833,1821
1503960366,2016-05-08,10060,6.58,44,8,203,574,1740
1503960366,2016-05-09,12022,7.72,46,11,206,835,1819
1503960366,2016-05-10,12207,7.77,46,31,214,746,1859
1503960366,2016-05-11,12770,8.13,36,23,251,669,1783
1503960366,2016-05-12,0,0.00,0,0,0,1440,0
1624580081,2016-04-12,8163,5.31,0,0,146,1294,1432
1624580081,2016-04-13,7007,4.55,0,0,148,1292,1411
1624580081,2016-04-14,9107,5.92,0,0,236,1204,1572
1624580081,2016-04-15,1510,0.98,0,0,96,1344,1344
1624580081,2016-04-16,5370,3.49,0,0,176,1264,1463
1624580081,2016-04-17,6175,4.06,15,22,127,1276,1554
1624580081,2016-04-18,10536,7.41,17,7,202,1214,1604
1624580081,2016-04-19,2916,1.90,0,0,141,1299,1435
1624580081,2016-04-20,4974,3.23,0,0,151,1289,1446
1624580081,2016-04-21,6349,4.13,0,0,186,1254,1467
1624580081,2016-04-22,4026,2.62,0,0,199,1241,1470
1624580081,2016-04-23,8538,5.55,0,0,227,1213,1562
1624580081,2016-04-24,6076,3.95,16,18,185,1221,1617
1624580081,2016-04-25,6497,4.22,0,0,202,1238,1492
1624580081,2016-04-26,2826,1.84,0,0,140,1300,1402
1624580081,2016-04-27,8367,5.44,17,36,154,1233,1670
1624580081,2016-04-28,2759,1.79,0,5,115,1320,1401
1624580081,2016-04-29,2390,1.55,0,0,150,1290,1404
1624580081,2016-04-30,6474,4.30,11,23,224,1182,1655
1624580081,2016-05-01,36019,28.03,186,63,171,1020,2690
1624580081,2016-05-02,7155,4.93,7,6,166,1261,1497
1624580081,2016-05-03,2100,1.37,0,0,96,1344,1334
1624580081,2016-05-04,2193,1.43,0,0,118,1322,1368
1624580081,2016-05-05,2470,1.61,0,0,117,1323,1370
1624580081,2016-05-06,1727,1.12,0,0,102,1338,1341
1624580081,2016-05-07,2104,1.37,0,0,182,1258,1474
1624580081,2016-05-08,3427,2.23,0,0,152,1288,1427
1624580081,2016-05-09,1732,1.13,0,0,91,1349,1328
1624580081,2016-05-10,2969,1.93,0,0,139,1301,1393
1624580081,2016-05-11,3134,2.04,0,0,112,1328,1359
1624580081,2016-05-12,2971,1.93,0,0,107,890,1002
1644430081,2016-04-12,10694,7.77,2,51,256,1131,3199
1644430081,2016-04-13,8001,5.82,30,16,135,1259,2902
1644430081,2016-04-14,11037,8.02,5,58,252,1125,3226
1644430081,2016-04-15,5263,3.83,3,4,170,1263,2750
1644430081,2016-04-16,15300,11.12,51,42,212,1135,3493
1644430081,2016-04-17,8757,6.37,29,13,186,1212,3011
1644430081,2016-04-18,7132,5.19,15,33,121,1271,2806
1644430081,2016-04-19,11256,8.18,5,58,278,1099,3300
1644430081,2016-04-20,2436,1.77,0,0,125,1315,2430
1644430081,2016-04-21,1223,0.89,0,0,38,1402,2140
1644430081,2016-04-22,3673,2.67,0,0,86,1354,2344
1644430081,2016-04-23,6637,4.83,0,15,160,1265,2677
1644430081,2016-04-24,3321,2.41,0,0,89,1351,2413
1644430081,2016-04-25,3580,2.60,8,1,94,1337,2497
1644430081,2016-04-26,9919,7.21,11,41,223,1165,3123
1644430081,2016-04-27,3032,2.20,0,0,118,1322,2489
1644430081,2016-04-28,9405,6.84,3,53,227,1157,3108
1644430081,2016-04-29,3176,2.31,0,0,120,1193,2498
1644430081,2016-04-30,18213,13.24,9,71,402,816,3846
1644430081,2016-05-01,6132,4.46,3,24,146,908,2696
1644430081,2016-05-02,3758,2.73,1,7,148,682,2580
1644430081,2016-05-03,12850,9.34,10,94,221,1115,3324
1644430081,2016-05-04,2309,1.68,0,0,52,1388,2222
1644430081,2016-05-05,4363,3.19,6,12,81,1341,2463
1644430081,2016-05-06,9787,7.12,11,6,369,1054,3328
1644430081,2016-05-07,13372,9.72,41,17,243,1139,3404
1644430081,2016-05-08,6724,4.89,0,0,295,991,2987
1644430081,2016-05-09,6643,4.83,32,6,303,1099,3008
1644430081,2016-05-10,9167,6.66,12,19,155,1254,2799
1644430081,2016-05-11,1329,0.97,0,0,49,713,1276
1844505072,2016-04-12,6697,4.43,0,0,339,1101,2030
1844505072,2016-04-13,4929,3.26,0,0,248,1192,1860
1844505072,2016-04-14,7937,5.25,0,0,373,843,2130
1844505072,2016-04-15,3844,2.54,0,0,176,527,1725
1844505072,2016-04-16,3414,2.26,0,0,147,1293,1657
1844505072,2016-04-17,4525,2.99,2,8,199,1231,1793
1844505072,2016-04-18,4597,3.04,0,12,217,1211,1814
1844505072,2016-04-19,197,0.13,0,0,10,1430,1366
1844505072,2016-04-20,8,0.01,0,0,1,1439,1349
1844505072,2016-04-21,8054,5.32,2,13,308,1117,2062
1844505072,2016-04-22,5372,3.55,0,0,220,1220,1827
1844505072,2016-04-23,3570,2.36,0,0,139,1301,1645
1844505072,2016-04-24,0,0.00,0,0,0,1440,1347
1844505072,2016-04-25,0,0.00,0,0,0,1440,1347
1844505072,2016-04-26,0,0.00,0,0,0,1440,1347
1844505072,2016-04-27,4,0.00,0,0,1,1439,1348
1844505072,2016-04-28,6907,4.57,0,0,302,1138,1992
1844505072,2016-04-29,4920,3.25,0,0,247,1082,1856
1844505072,2016-04-30,4014,2.67,0,0,184,218,1763
1844505072,2016-05-01,2573,1.70,0,7,75,585,1541
1844505072,2016-05-02,0,0.00,0,0,0,1440,1348
1844505072,2016-05-03,4059,2.68,0,0,184,1256,1742
1844505072,2016-05-04,2080,1.37,0,0,87,1353,1549
1844505072,2016-05-05,2237,1.48,0,0,120,1320,1589
1844505072,2016-05-06,44,0.03,0,0,2,1438,1351
1844505072,2016-05-07,0,0.00,0,0,0,1440,1347
1844505072,2016-05-08,0,0.00,0,0,0,1440,1347
1844505072,2016-05-09,0,0.00,0,0,0,1440,1347
1844505072,2016-05-10,0,0.00,0,0,0,1440,1347
1844505072,2016-05-11,0,0.00,0,0,0,1440,1347
1844505072,2016-05-12,0,0.00,0,0,0,711,665
1927972279,2016-04-12,678,0.47,0,0,55,734,2220
1927972279,2016-04-13,356,0.25,0,0,32,986,2151
1927972279,2016-04-14,2163,1.50,0,9,88,1292,2383
1927972279,2016-04-15,980,0.68,0,0,51,941,2221
1927972279,2016-04-16,0,0.00,0,0,0,1440,2064
1927972279,2016-04-17,0,0.00,0,0,0,1440,2063
1927972279,2016-04-18,244,0.17,0,0,17,1423,2111
1927972279,2016-04-19,0,0.00,0,0,0,1440,2063
1927972279,2016-04-20,0,0.00,0,0,0,1440,2063
1927972279,2016-04-21,0,0.00,0,0,0,1440,2064
1927972279,2016-04-22,149,0.10,0,0,10,1430,2093
1927972279,2016-04-23,2945,2.04,0,0,145,1295,2499
1927972279,2016-04-24,2090,1.45,1,6,75,1358,2324
1927972279,2016-04-25,152,0.11,0,0,12,1303,2100
1927972279,2016-04-26,3761,2.60,0,0,192,1058,2638
1927972279,2016-04-27,0,0.00,0,0,0,1440,2063
1927972279,2016-04-28,1675,1.16,0,0,95,1167,2351
1927972279,2016-04-29,0,0.00,0,0,0,1440,2063
1927972279,2016-04-30,0,0.00,0,0,0,1440,2064
1927972279,2016-05-01,2704,1.87,14,1,70,1355,2411
1927972279,2016-05-02,3790,2.62,16,8,94,1322,2505
1927972279,2016-05-03,1326,0.92,10,0,17,1413,2195
1927972279,2016-05-04,1786,1.24,0,0,87,1353,2338
1927972279,2016-05-05,0,0.00,0,0,0,1440,2063
1927972279,2016-05-06,2091,1.45,0,0,108,1332,2383
1927972279,2016-05-07,1510,1.04,0,0,48,1392,2229
1927972279,2016-05-08,0,0.00,0,0,0,1440,2063
1927972279,2016-05-09,0,0.00,0,0,0,1440,2063
1927972279,2016-05-10,0,0.00,0,0,0,1440,2063
1927972279,2016-05-11,0,0.00,0,0,0,1440,2063
1927972279,2016-05-12,0,0.00,0,0,0,966,1383
2022484408,2016-04-12,11875,8.34,42,14,227,1157,2390
2022484408,2016-04-13,12024,8.50,43,5,292,1100,2601
2022484408,2016-04-14,10690,7.50,32,3,257,1148,2312
2022484408,2016-04-15,11034,8.03,27,9,282,1122,2525
2022484408,2016-04-16,10100,7.09,41,11,151,1237,2177
2022484408,2016-04-17,15112,11.40,28,29,331,1052,2782
2022484408,2016-04-18,14131,10.07,48,3,311,1078,2770
2022484408,2016-04-19,11548,8.53,31,7,250,1152,2489
2022484408,2016-04-20,15112,10.67,48,63,276,1053,2897
2022484408,2016-04-21,12453,8.74,104,53,255,1028,3158
2022484408,2016-04-22,12954,9.33,52,10,273,1105,2638
2022484408,2016-04-23,6001,4.21,0,0,249,1191,2069
2022484408,2016-04-24,13481,10.28,37,26,216,1161,2529
2022484408,2016-04-25,11369,8.01,44,8,217,1171,2470
2022484408,2016-04-26,10119,7.19,55,24,275,1086,2793
2022484408,2016-04-27,10159,7.13,19,20,282,1119,2463
2022484408,2016-04-28,10140,7.12,6,20,291,1123,2296
2022484408,2016-04-29,10245,7.19,21,40,281,1098,2611
2022484408,2016-04-30,18387,12.91,13,23,361,1043,2732
2022484408,2016-05-01,10538,7.40,25,28,245,1142,2380
2022484408,2016-05-02,10379,7.29,36,8,277,1119,2473
2022484408,2016-05-03,12183,8.74,72,14,250,1104,2752
2022484408,2016-05-04,11768,8.29,36,27,272,1105,2649
2022484408,2016-05-05,11895,8.35,55,20,253,1112,2609
2022484408,2016-05-06,10227,7.18,24,17,295,1104,2498
2022484408,2016-05-07,6708,4.71,20,2,149,1269,1995
2022484408,2016-05-08,3292,2.31,0,0,135,1305,1848
2022484408,2016-05-09,13379,9.39,35,47,297,1061,2709
2022484408,2016-05-10,12798,8.98,57,28,271,1084,2797
2022484408,2016-05-11,13272,9.32,58,25,224,1133,2544
2022484408,2016-05-12,9117,6.41,16,16,236,728,1853
2026352035,2016-04-12,4414,2.74,3,8,181,706,1459
2026352035,2016-04-13,4993,3.10,0,0,238,663,1521
2026352035,2016-04-14,3335,2.07,0,0,197,653,1431
2026352035,2016-04-15,3821,2.37,0,0,188,687,1444
2026352035,2016-04-16,2547,1.58,0,0,150,728,1373
2026352035,2016-04-17,838,0.52,0,0,60,1053,1214
2026352035,2016-04-18,3325,2.06,0,0,182,1062,1419
2026352035,2016-04-19,2424,1.50,0,0,141,785,1356
2026352035,2016-04-20,7222,4.48,0,0,327,623,1667
2026352035,2016-04-21,2467,1.53,0,0,153,749,1370
2026352035,2016-04-22,2915,1.81,0,0,162,712,1399
2026352035,2016-04-23,12357,7.71,0,0,432,458,1916
2026352035,2016-04-24,3490,2.16,0,0,164,704,1401
2026352035,2016-04-25,6017,3.73,0,0,260,821,1576
2026352035,2016-04-26,5933,3.68,0,0,288,1018,1595
2026352035,2016-04-27,6088,3.77,0,0,286,586,1593
2026352035,2016-04-28,6375,3.95,0,0,331,626,1649
2026352035,2016-04-29,7604,4.71,0,0,352,492,1692
2026352035,2016-04-30,4729,2.93,0,0,233,594,1506
2026352035,2016-05-01,3609,2.28,0,0,191,716,1447
2026352035,2016-05-02,7018,4.35,0,0,355,716,1690
2026352035,2016-05-03,5992,3.72,0,0,304,981,1604
2026352035,2016-05-04,6564,4.07,0,0,345,530,1658
2026352035,2016-05-05,12167,7.54,0,0,475,479,1926
2026352035,2016-05-06,8198,5.08,0,0,383,511,1736
2026352035,2016-05-07,4193,2.60,0,0,229,665,1491
2026352035,2016-05-08,5528,3.45,0,0,258,610,1555
2026352035,2016-05-09,10685,6.62,0,0,401,543,1869
2026352035,2016-05-10,254,0.16,0,0,17,1002,1141
2026352035,2016-05-11,8580,5.32,0,0,330,569,1698
2026352035,2016-05-12,8891,5.51,0,0,343,330,1364
2320127002,2016-04-12,10725,7.49,13,9,306,1112,2124
2320127002,2016-04-13,7275,4.90,0,0,335,1105,2003
2320127002,2016-04-14,3973,2.68,0,0,191,1249,1696
2320127002,2016-04-15,5205,3.51,0,0,245,1195,1801
2320127002,2016-04-16,5057,3.41,0,0,195,1245,1724
2320127002,2016-04-17,6198,4.18,0,0,249,1191,1852
2320127002,2016-04-18,6559,4.42,0,7,260,1173,1905
2320127002,2016-04-19,5997,4.04,0,11,228,1201,1811
2320127002,2016-04-20,7192,4.85,0,11,283,1146,1922
2320127002,2016-04-21,3404,2.29,1,10,127,1302,1610
2320127002,2016-04-22,5583,3.76,0,0,266,1174,1851
2320127002,2016-04-23,5079,3.42,0,0,242,1129,1804
2320127002,2016-04-24,4165,2.81,0,0,204,1236,1725
2320127002,2016-04-25,3588,2.42,3,5,152,1280,1654
2320127002,2016-04-26,3409,2.30,0,0,147,1293,1632
2320127002,2016-04-27,1715,1.16,0,0,82,1358,1481
2320127002,2016-04-28,1532,1.03,0,0,76,1364,1473
2320127002,2016-04-29,924,0.62,0,0,45,1395,1410
2320127002,2016-04-30,4571,3.08,0,0,234,1206,1779
2320127002,2016-05-01,772,0.52,0,0,40,1400,1403
2320127002,2016-05-02,3634,2.45,5,6,123,1306,1613
2320127002,2016-05-03,7443,5.02,20,10,206,1204,1878
2320127002,2016-05-04,1201,0.81,0,0,52,1388,1426
2320127002,2016-05-05,5202,3.51,0,11,223,1206,1780
2320127002,2016-05-06,4878,3.29,0,0,204,1236,1742
2320127002,2016-05-07,7379,4.97,0,0,319,1121,1972
2320127002,2016-05-08,5161,3.48,0,0,247,1193,1821
2320127002,2016-05-09,3090,2.08,0,0,145,1295,1630
2320127002,2016-05-10,6227,4.20,0,0,290,1150,1899
2320127002,2016-05-11,6424,4.33,0,0,300,1140,1903
2320127002,2016-05-12,2661,1.79,0,0,128,830,1125
2347167796,2016-04-12,10113,6.83,28,13,320,964,2344
2347167796,2016-04-13,10352,7.01,19,32,195,676,2038
2347167796,2016-04-14,10129,6.70,1,48,206,705,2010
2347167796,2016-04-15,10465,6.92,1,24,284,720,2133
2347167796,2016-04-16,22244,15.08,66,72,268,968,2670
2347167796,2016-04-17,5472,3.62,1,7,249,508,1882
2347167796,2016-04-18,8247,5.45,11,16,206,678,1944
2347167796,2016-04-19,6711,4.44,0,7,382,648,2346
2347167796,2016-04-20,10999,7.27,11,43,269,1011,2198
2347167796,2016-04-21,10080,6.75,23,26,208,761,2048
2347167796,2016-04-22,7804,5.16,9,27,206,781,1946
2347167796,2016-04-23,16901,11.37,32,35,360,591,2629
2347167796,2016-04-24,9471,6.26,0,0,360,584,2187
2347167796,2016-04-25,9482,6.38,15,11,277,653,2095
2347167796,2016-04-26,5980,3.95,0,0,227,732,1861
2347167796,2016-04-27,11423,7.58,26,9,295,623,2194
2347167796,2016-04-28,5439,3.60,0,0,229,764,1854
2347167796,2016-04-29,42,0.03,0,0,4,2,403
2873212765,2016-04-12,8796,5.91,2,21,356,1061,1982
2873212765,2016-04-13,7618,5.12,0,8,404,1028,2004
2873212765,2016-04-14,7910,5.32,0,0,331,1109,1893
2873212765,2016-04-15,8482,5.70,0,0,448,992,2063
2873212765,2016-04-16,9685,6.65,47,1,305,1087,2148
2873212765,2016-04-17,2524,1.70,0,8,160,1272,1529
2873212765,2016-04-18,7762,5.24,1,6,311,1122,1890
2873212765,2016-04-19,7948,5.37,0,0,389,1051,1956
2873212765,2016-04-20,9202,6.30,22,5,378,1035,2094
2873212765,2016-04-21,8859,5.98,2,10,371,1057,1970
2873212765,2016-04-22,7286,4.90,46,0,366,1028,2241
2873212765,2016-04-23,9317,6.35,28,5,330,1077,2021
2873212765,2016-04-24,6873,4.68,46,1,190,1203,1898
2873212765,2016-04-25,7373,4.95,0,0,359,1081,1907
2873212765,2016-04-26,8242,5.54,2,5,309,1124,1882
2873212765,2016-04-27,3516,2.36,46,0,197,1197,1966
2873212765,2016-04-28,7913,5.41,28,7,213,1192,1835
2873212765,2016-04-29,7365,4.95,20,23,206,1191,1780
2873212765,2016-04-30,8452,5.68,5,20,248,1167,1830
2873212765,2016-05-01,7399,4.97,7,18,196,1219,1739
2873212765,2016-05-02,7525,5.06,0,7,334,1099,1878
2873212765,2016-05-03,7412,4.98,1,6,363,1070,1906
2873212765,2016-05-04,8278,5.56,0,0,420,1020,2015
2873212765,2016-05-05,8314,5.61,13,23,311,1093,1971
2873212765,2016-05-06,7063,4.75,0,5,370,1065,1910
2873212765,2016-05-07,4940,3.38,75,11,52,1302,1897
2873212765,2016-05-08,8168,5.54,46,0,326,1068,2096
2873212765,2016-05-09,7726,5.19,0,0,345,1095,1906
2873212765,2016-05-10,8275,5.56,0,0,373,1067,1962
2873212765,2016-05-11,6440,4.33,0,0,319,1121,1826
2873212765,2016-05-12,7566,5.11,0,0,268,720,1431
3372868164,2016-04-12,4747,3.24,0,0,280,1160,1788
3372868164,2016-04-13,9715,6.63,16,8,371,1045,2093
3372868164,2016-04-14,8844,6.03,6,25,370,1039,2065
3372868164,2016-04-15,7451,5.08,0,0,335,1105,1908
3372868164,2016-04-16,6905,4.73,0,0,356,1084,1908
3372868164,2016-04-17,8199,5.88,11,2,322,1105,1964
3372868164,2016-04-18,6798,4.64,20,7,343,1070,2014
3372868164,2016-04-19,7711,5.26,0,0,376,1064,1985
3372868164,2016-04-20,4880,3.33,15,3,274,1148,1867
3372868164,2016-04-21,8857,6.07,18,9,376,1037,2124
3372868164,2016-04-22,3843,2.62,0,0,206,1234,1669
3372868164,2016-04-23,7396,5.07,20,2,303,1115,1995
3372868164,2016-04-24,6731,4.59,14,7,292,1127,1921
3372868164,2016-04-25,5995,4.09,0,0,416,1024,2010
3372868164,2016-04-26,8283,5.79,22,2,333,1083,2057
3372868164,2016-04-27,7904,5.42,24,13,346,1057,2095
3372868164,2016-04-28,5512,3.76,0,0,385,1055,1972
3372868164,2016-04-29,9135,6.23,0,0,402,1038,2044
3372868164,2016-04-30,5250,3.58,17,4,300,1119,1946
3372868164,2016-05-01,3077,2.10,0,0,172,842,1237
3977333714,2016-04-12,8856,5.98,44,19,131,777,1450
3977333714,2016-04-13,10035,6.71,31,46,153,754,1495
3977333714,2016-04-14,7641,5.11,5,23,214,801,1433
3977333714,2016-04-15,9010,6.06,15,42,183,644,1468
3977333714,2016-04-16,13459,9.00,31,83,153,663,1625
3977333714,2016-04-17,10415,6.97,11,58,205,600,1529
3977333714,2016-04-18,11663,7.80,4,95,214,605,1584
3977333714,2016-04-19,12414,8.78,19,67,221,738,1638
3977333714,2016-04-20,11658,7.83,2,98,164,845,1554
3977333714,2016-04-21,6093,4.08,0,0,242,712,1397
3977333714,2016-04-22,8911,5.96,33,12,188,731,1481
3977333714,2016-04-23,12058,8.07,0,92,252,724,1638
3977333714,2016-04-24,14112,10.00,30,95,129,660,1655
3977333714,2016-04-25,11177,8.48,50,9,133,781,1570
3977333714,2016-04-26,11388,7.62,7,95,170,797,1551
3977333714,2016-04-27,7193,5.04,0,10,176,714,1377
3977333714,2016-04-28,7114,4.88,15,8,190,804,1407
3977333714,2016-04-29,10645,7.75,36,32,150,744,1545
3977333714,2016-04-30,13238,9.20,43,52,194,687,1650
3977333714,2016-05-01,10414,7.07,41,40,124,691,1501
3977333714,2016-05-02,16520,11.05,24,143,176,713,1760
3977333714,2016-05-03,14335,9.59,47,41,258,594,1710
3977333714,2016-05-04,13559,9.44,14,96,142,852,1628
3977333714,2016-05-05,12312,8.58,14,88,178,680,1618
3977333714,2016-05-06,11677,8.28,29,55,168,676,1590
3977333714,2016-05-07,11550,7.73,0,86,208,703,1574
3977333714,2016-05-08,13585,9.09,9,116,171,688,1633
3977333714,2016-05-09,14687,10.08,8,122,151,1159,1667
3977333714,2016-05-10,13072,8.78,1,115,196,676,1630
3977333714,2016-05-11,746,0.50,4,0,9,13,52
4020332650,2016-04-12,8539,6.12,4,15,331,712,3654
4020332650,2016-04-13,0,0.00,0,0,0,1440,1981
4020332650,2016-04-14,108,0.08,0,0,3,1437,2011
4020332650,2016-04-15,1882,1.35,36,18,87,1299,2951
4020332650,2016-04-16,1982,1.42,65,21,55,1222,3051
4020332650,2016-04-17,16,0.01,0,0,2,1438,1990
4020332650,2016-04-18,62,0.04,0,0,2,1438,1995
4020332650,2016-04-19,0,0.00,0,0,0,1440,1980
4020332650,2016-04-20,0,0.00,0,0,0,1440,1980
4020332650,2016-04-21,0,0.00,0,0,0,1440,1980
4020332650,2016-04-22,0,0.00,0,0,0,1440,1980
4020332650,2016-04-23,0,0.00,0,0,0,1440,1980
4020332650,2016-04-24,0,0.00,0,0,0,1440,1980
4020332650,2016-04-25,0,0.00,0,0,0,1440,1980
4020332650,2016-04-26,0,0.00,0,0,0,1440,1980
4020332650,2016-04-27,0,0.00,0,0,0,1440,1980
4020332650,2016-04-28,0,0.00,0,0,0,1440,1980
4020332650,2016-04-29,0,0.00,0,0,0,1440,1980
4020332650,2016-04-30,0,0.00,0,0,0,1440,1980
4020332650,2016-05-01,0,0.00,0,0,0,1440,1980
4020332650,2016-05-02,475,0.34,0,11,31,1350,2207
4020332650,2016-05-03,4496,3.22,0,0,174,950,2828
4020332650,2016-05-04,10252,7.35,13,46,346,531,3879
4020332650,2016-05-05,11728,8.43,38,42,196,916,3429
4020332650,2016-05-06,4369,3.13,0,0,177,855,2704
4020332650,2016-05-07,6132,4.40,0,0,184,1256,2975
4020332650,2016-05-08,5862,4.20,0,0,263,775,3089
4020332650,2016-05-09,4556,3.27,3,5,173,1225,2785
4020332650,2016-05-10,5546,3.98,0,0,206,774,2926
4020332650,2016-05-11,3689,2.65,2,8,134,1296,2645
4020332650,2016-05-12,590,0.42,0,0,21,721,1120
4057192912,2016-04-12,5394,4.03,0,0,164,1276,2286
4057192912,2016-04-13,5974,4.47,0,0,160,1280,2306
4057192912,2016-04-14,0,0.00,0,0,0,1440,1776
4057192912,2016-04-15,3984,2.95,3,6,88,873,1527
4319703577,2016-04-12,7753,5.20,0,0,0,1440,2115
4319703577,2016-04-13,8204,5.50,8,15,96,1234,2135
4319703577,2016-04-14,10210,6.88,1,9,339,589,2302
4319703577,2016-04-15,5664,3.80,0,0,228,752,1985
4319703577,2016-04-16,4744,3.18,0,0,194,724,1884
4319703577,2016-04-17,29,0.02,0,0,3,1363,1464
4319703577,2016-04-18,2276,1.55,1,9,58,824,1632
4319703577,2016-04-19,8925,5.99,0,0,311,604,2200
4319703577,2016-04-20,8954,6.01,0,18,306,671,2220
4319703577,2016-04-21,3702,2.48,0,0,34,1265,1792
4319703577,2016-04-22,4500,3.02,1,19,176,709,1886
4319703577,2016-04-23,4935,3.31,0,0,233,546,1945
4319703577,2016-04-24,4081,2.74,1,5,191,692,1880
4319703577,2016-04-25,9259,6.21,0,8,390,544,2314
4319703577,2016-04-26,9899,6.64,8,21,288,649,2236
4319703577,2016-04-27,10780,7.23,6,47,300,680,2324
4319703577,2016-04-28,10817,7.28,13,8,359,552,2367
4319703577,2016-04-29,7990,5.36,6,18,289,624,2175
4319703577,2016-04-30,8221,5.52,6,38,196,695,2092
4319703577,2016-05-01,1251,0.84,0,0,67,836,1593
4319703577,2016-05-02,9261,6.24,0,11,344,585,2270
4319703577,2016-05-03,9648,6.47,8,26,287,669,2235
4319703577,2016-05-04,10429,7.02,8,13,313,1106,2282
4319703577,2016-05-05,13658,9.49,27,34,328,957,2530
4319703577,2016-05-06,9524,6.42,6,11,314,692,2266
4319703577,2016-05-07,7937,5.33,3,28,279,586,2158
4319703577,2016-05-08,3672,2.46,0,0,153,603,1792
4319703577,2016-05-09,10378,6.96,2,14,374,490,2345
4319703577,2016-05-10,9487,6.37,3,12,329,555,2260
4319703577,2016-05-11,9129,6.13,3,18,311,574,2232
4319703577,2016-05-12,17,0.01,0,0,2,0,257
4388161847,2016-04-12,10122,7.78,0,0,0,1440,2955
4388161847,2016-04-13,10993,8.45,1,14,150,1275,3092
4388161847,2016-04-14,8863,6.82,10,35,219,945,2998
4388161847,2016-04-15,8758,6.73,0,0,299,837,3066
4388161847,2016-04-16,6580,5.06,6,9,253,609,3073
4388161847,2016-04-17,4660,3.58,0,0,201,721,2572
4388161847,2016-04-18,11009,9.10,27,8,239,1017,3274
4388161847,2016-04-19,10181,7.83,20,16,249,704,3015
4388161847,2016-04-20,10553,8.12,19,42,228,696,3083
4388161847,2016-04-21,10055,7.73,7,12,272,853,3069
4388161847,2016-04-22,12139,9.34,77,25,220,945,3544
4388161847,2016-04-23,13236,10.18,58,5,215,749,3306
4388161847,2016-04-24,10243,7.88,14,8,239,584,2885
4388161847,2016-04-25,12961,9.97,11,31,301,1054,3288
4388161847,2016-04-26,9461,7.28,14,23,224,673,2929
4388161847,2016-04-27,11193,8.61,11,48,241,684,3074
4388161847,2016-04-28,10074,7.75,19,9,234,878,2969
4388161847,2016-04-29,9232,7.10,13,16,236,1175,2979
4388161847,2016-04-30,12533,9.64,14,43,300,537,3283
4388161847,2016-05-01,10255,7.89,12,15,241,579,2926
4388161847,2016-05-02,10096,8.40,33,4,204,935,3147
4388161847,2016-05-03,12727,9.79,18,18,306,984,3290
4388161847,2016-05-04,12375,9.52,35,21,251,632,3162
4388161847,2016-05-05,9603,7.38,12,39,199,896,2899
4388161847,2016-05-06,13175,10.13,33,45,262,1100,3425
4388161847,2016-05-07,22770,17.54,120,56,260,508,4022
4388161847,2016-05-08,17298,14.38,107,38,178,576,3934
4388161847,2016-05-09,10218,7.86,6,19,258,1020,3013
4388161847,2016-05-10,10299,7.92,13,14,267,648,3061
4388161847,2016-05-11,10201,7.84,8,18,256,858,2954
4388161847,2016-05-12,3369,2.59,0,0,108,825,1623
4445114986,2016-04-12,3276,2.20,0,0,196,787,2113
4445114986,2016-04-13,2961,1.99,0,0,194,840,2095
4445114986,2016-04-14,3974,2.67,0,0,231,717,2194
4445114986,2016-04-15,7198,4.83,0,0,350,711,2496
4445114986,2016-04-16,3945,2.65,0,0,225,716,2180
4445114986,2016-04-17,2268,1.52,0,0,114,1219,1933
4445114986,2016-04-18,6155,4.24,25,6,162,1247,2248
4445114986,2016-04-19,2064,1.39,0,0,121,895,1954
4445114986,2016-04-20,2072,1.39,0,0,137,841,1974
4445114986,2016-04-21,3809,2.56,0,0,215,756,2150
4445114986,2016-04-22,6831,4.58,0,0,317,706,2432
4445114986,2016-04-23,4363,2.93,0,0,201,1239,2149
4445114986,2016-04-24,5002,3.36,0,0,244,1196,2247
4445114986,2016-04-25,3385,2.27,0,0,179,916,2070
4445114986,2016-04-26,6326,4.41,29,1,180,839,2291
4445114986,2016-04-27,7243,5.03,32,1,194,839,2361
4445114986,2016-04-28,4493,3.01,0,0,236,762,2203
4445114986,2016-04-29,4676,3.14,0,0,226,1106,2196
4445114986,2016-04-30,6222,4.18,0,0,290,797,2363
4445114986,2016-05-01,5232,3.51,0,0,240,741,2246
4445114986,2016-05-02,6910,4.75,27,4,200,667,2336
4445114986,2016-05-03,7502,5.18,30,2,233,725,2421
4445114986,2016-05-04,2923,1.96,0,0,180,897,2070
4445114986,2016-05-05,3800,2.55,2,6,185,734,2120
4445114986,2016-05-06,4514,3.03,0,0,229,809,2211
4445114986,2016-05-07,5183,3.59,26,4,108,866,2123
4445114986,2016-05-08,7303,4.90,0,8,308,733,2423
4445114986,2016-05-09,5275,3.54,0,0,266,641,2281
4445114986,2016-05-10,3915,2.63,0,0,231,783,2181
4445114986,2016-05-11,9105,6.11,34,22,232,622,2499
4445114986,2016-05-12,768,0.52,0,0,58,380,1212
4558609924,2016-04-12,5135,3.39,0,0,318,1122,1909
4558609924,2016-04-13,4978,3.29,19,7,127,1287,1722
4558609924,2016-04-14,6799,4.49,0,0,279,1161,1922
4558609924,2016-04-15,7795,5.15,17,30,262,1131,2121
4558609924,2016-04-16,7289,4.82,8,12,308,1112,1997
4558609924,2016-04-17,9634,6.40,7,19,304,1110,2117
4558609924,2016-04-18,8940,5.91,14,15,331,1080,2116
4558609924,2016-04-19,5401,3.57,1,9,248,1182,1876
4558609924,2016-04-20,4803,3.17,0,0,222,1218,1788
4558609924,2016-04-21,13743,9.08,6,21,432,844,2486
4558609924,2016-04-22,9601,6.35,20,25,273,1122,2094
4558609924,2016-04-23,6890,4.55,5,5,308,1122,2085
4558609924,2016-04-24,8563,5.66,0,0,395,1045,2173
4558609924,2016-04-25,8095,5.35,18,10,340,993,2225
4558609924,2016-04-26,9148,6.05,12,41,283,1062,2223
4558609924,2016-04-27,9557,6.32,27,14,312,1087,2098
4558609924,2016-04-28,9451,6.25,1,11,367,985,2185
4558609924,2016-04-29,7833,5.18,15,29,197,1096,1918
4558609924,2016-04-30,10319,6.82,7,29,293,1111,2105
4558609924,2016-05-01,3428,2.27,0,0,190,1121,1692
4558609924,2016-05-02,7891,5.22,0,0,383,1057,2066
4558609924,2016-05-03,5267,3.48,21,10,237,1172,1953
4558609924,2016-05-04,5232,3.46,0,0,252,1188,1842
4558609924,2016-05-05,10611,7.01,14,8,370,1048,2262
4558609924,2016-05-06,3755,2.48,0,0,202,1238,1722
4558609924,2016-05-07,8237,5.44,23,16,233,1116,1973
4558609924,2016-05-08,6543,4.33,66,35,238,1019,2666
4558609924,2016-05-09,11451,7.57,6,30,339,1065,2223
4558609924,2016-05-10,6435,4.25,11,18,220,1191,1889
4558609924,2016-05-11,9108,6.02,4,31,324,1081,2131
4558609924,2016-05-12,6307,4.17,0,0,247,736,1452
4702921684,2016-04-12,7213,5.88,0,0,263,718,2947
4702921684,2016-04-13,6877,5.58,0,0,258,777,2898
4702921684,2016-04-14,7860,6.37,0,0,271,772,2984
4702921684,2016-04-15,6506,5.28,1,8,256,944,2896
4702921684,2016-04-16,11140,9.03,3,24,335,556,3328
4702921684,2016-04-17,12692,10.29,12,66,302,437,3394
4702921684,2016-04-18,9105,7.38,22,30,191,890,3013
4702921684,2016-04-19,6708,5.44,10,8,179,757,2812
4702921684,2016-04-20,8793,7.13,2,29,260,717,3061
4702921684,2016-04-21,6530,5.30,4,41,144,901,2729
4702921684,2016-04-22,1664,1.35,0,0,72,1341,2241
4702921684,2016-04-23,15126,12.27,9,66,408,469,3691
4702921684,2016-04-24,15050,12.22,15,95,281,542,3538
4702921684,2016-04-25,9167,7.43,6,15,270,730,3064
4702921684,2016-04-26,6108,4.95,1,8,216,765,2784
4702921684,2016-04-27,7047,5.72,1,16,238,733,2908
4702921684,2016-04-28,9023,7.32,14,9,232,738,3033
4702921684,2016-04-29,9930,8.05,12,19,267,692,3165
4702921684,2016-04-30,10144,8.23,4,36,263,728,3115
4702921684,2016-05-01,0,0.00,0,0,0,1440,2017
4702921684,2016-05-02,7245,5.92,5,40,195,1131,2859
4702921684,2016-05-03,9454,7.67,0,0,313,729,3145
4702921684,2016-05-04,8161,6.62,4,15,251,757,3004
4702921684,2016-05-05,8614,6.99,8,5,241,745,3006
4702921684,2016-05-06,6943,5.63,1,16,207,682,2859
4702921684,2016-05-07,14370,11.65,5,46,439,577,3683
4702921684,2016-05-08,12857,10.43,9,125,192,1019,3287
4702921684,2016-05-09,8232,6.68,0,12,253,746,2990
4702921684,2016-05-10,10613,8.61,1,37,262,701,3172
4702921684,2016-05-11,9810,7.96,10,41,235,784,3069
4702921684,2016-05-12,2752,2.23,0,0,68,241,1240
5553957443,2016-04-12,11596,7.57,19,13,277,767,2026
5553957443,2016-04-13,4832,3.16,0,0,226,647,1718
5553957443,2016-04-14,17022,11.12,61,41,256,693,2324
5553957443,2016-04-15,16556,10.86,58,38,239,689,2254
5553957443,2016-04-16,5771,3.77,0,0,288,521,1831
5553957443,2016-04-17,655,0.43,0,0,46,943,1397
5553957443,2016-04-18,3727,2.43,0,0,206,622,1683
5553957443,2016-04-19,15482,10.11,69,28,249,756,2284
5553957443,2016-04-20,2713,1.77,0,0,148,598,1570
5553957443,2016-04-21,12346,8.06,47,42,177,801,2066
5553957443,2016-04-22,11682,7.63,25,16,270,781,2105
5553957443,2016-04-23,4112,2.69,0,0,272,443,1776
5553957443,2016-04-24,1807,1.18,0,0,104,582,1507
5553957443,2016-04-25,10946,7.19,51,11,201,732,2033
5553957443,2016-04-26,11886,7.76,40,18,238,750,2093
5553957443,2016-04-27,10538,6.88,16,16,206,745,1922
5553957443,2016-04-28,11393,7.63,49,13,165,727,1999
5553957443,2016-04-29,12764,8.33,46,15,270,709,2169
5553957443,2016-04-30,1202,0.78,0,0,84,506,1463
5553957443,2016-05-01,5164,3.37,0,0,237,436,1747
5553957443,2016-05-02,9769,6.38,23,9,227,724,1996
5553957443,2016-05-03,12848,8.39,26,29,247,812,2116
5553957443,2016-05-04,4249,2.77,0,0,224,651,1698
5553957443,2016-05-05,14331,9.51,44,29,241,692,2156
5553957443,2016-05-06,9632,6.29,21,9,229,761,1916
5553957443,2016-05-07,1868,1.22,0,0,96,902,1494
5553957443,2016-05-08,6083,4.00,3,8,210,505,1762
5553957443,2016-05-09,11611,7.58,59,22,251,667,2272
5553957443,2016-05-10,16358,10.71,61,40,265,707,2335
5553957443,2016-05-11,4926,3.22,0,0,195,628,1693
5553957443,2016-05-12,3121,2.04,8,6,48,222,741
5577150313,2016-04-12,8135,6.08,86,16,140,728,3405
5577150313,2016-04-13,5077,3.79,15,11,144,776,2551
5577150313,2016-04-14,8596,6.42,118,30,176,662,4022
5577150313,2016-04-15,12087,9.08,115,54,199,695,4005
5577150313,2016-04-16,14269,10.66,184,56,158,472,4274
5577150313,2016-04-17,12231,9.14,200,37,159,525,4552
5577150313,2016-04-18,9893,7.39,114,32,130,623,3625
5577150313,2016-04-19,12574,9.42,108,23,111,733,3501
5577150313,2016-04-20,8330,6.22,87,16,113,773,3192
5577150313,2016-04-21,10830,8.09,110,74,175,670,4018
5577150313,2016-04-22,9172,6.85,62,30,200,823,3329
5577150313,2016-04-23,7638,5.71,24,24,223,627,3152
5577150313,2016-04-24,15764,11.78,210,65,141,425,4392
5577150313,2016-04-25,6393,4.78,61,38,214,743,3374
5577150313,2016-04-26,5325,3.98,38,32,181,759,3088
5577150313,2016-04-27,6805,5.14,63,16,190,773,3294
5577150313,2016-04-28,9841,7.43,99,51,141,692,3580
5577150313,2016-04-29,7924,5.92,97,36,165,739,3544
5577150313,2016-04-30,12363,9.24,207,45,163,621,4501
5577150313,2016-05-01,13368,9.99,194,72,178,499,4546
5577150313,2016-05-02,7439,5.56,37,20,235,732,3014
5577150313,2016-05-03,11045,8.25,97,8,212,580,3795
5577150313,2016-05-04,5206,3.89,25,9,141,631,2755
5577150313,2016-05-05,7550,5.64,45,21,143,1153,3004
5577150313,2016-05-06,4950,3.70,41,16,79,1304,2643
5577150313,2016-05-07,0,0.00,0,0,0,1440,1819
5577150313,2016-05-08,0,0.00,0,0,0,1440,1819
5577150313,2016-05-09,3421,2.56,34,11,70,1099,2489
5577150313,2016-05-10,8869,6.65,104,37,194,639,3841
5577150313,2016-05-11,4038,3.04,45,15,63,257,1665
6117666160,2016-04-12,0,0.00,0,0,0,1440,1496
6117666160,2016-04-13,0,0.00,0,0,0,1440,1496
6117666160,2016-04-14,0,0.00,0,0,0,1440,1496
6117666160,2016-04-15,14019,10.59,0,6,513,921,2865
6117666160,2016-04-16,14450,10.91,7,15,518,502,2828
6117666160,2016-04-17,7150,5.40,0,0,312,702,2225
6117666160,2016-04-18,5153,3.91,0,0,241,759,2018
6117666160,2016-04-19,11135,8.41,0,0,480,425,2606
6117666160,2016-04-20,10449,8.02,26,10,349,587,2536
6117666160,2016-04-21,19542,15.01,11,19,294,579,4900
6117666160,2016-04-22,8206,6.20,0,0,402,413,2409
6117666160,2016-04-23,11495,8.68,0,0,512,468,2651
6117666160,2016-04-24,7623,5.76,0,0,362,711,2305
6117666160,2016-04-25,0,0.00,0,0,0,1440,1497
6117666160,2016-04-26,9543,7.21,0,7,352,1077,2450
6117666160,2016-04-27,9411,7.11,0,0,458,417,2576
6117666160,2016-04-28,3403,2.60,0,0,141,758,1879
6117666160,2016-04-29,9592,7.24,0,0,461,479,2560
6117666160,2016-04-30,6987,5.28,0,0,343,1040,2275
6117666160,2016-05-01,8915,6.73,0,0,397,525,2361
6117666160,2016-05-02,4933,3.73,0,0,236,1204,2044
6117666160,2016-05-03,0,0.00,0,0,0,1440,1496
6117666160,2016-05-04,2997,2.26,0,0,156,1279,1902
6117666160,2016-05-05,9799,7.40,0,0,487,479,2636
6117666160,2016-05-06,3365,2.68,0,0,133,673,1838
6117666160,2016-05-07,7336,5.54,0,0,412,456,2469
6117666160,2016-05-08,7328,5.53,0,0,318,517,2250
6117666160,2016-05-09,4477,3.38,0,0,197,125,1248
6290855005,2016-04-12,4562,3.45,0,0,199,1241,2560
6290855005,2016-04-13,7142,5.40,0,0,350,1090,2905
6290855005,2016-04-14,7671,5.80,0,0,363,1077,2952
6290855005,2016-04-15,9501,7.18,0,0,328,1112,2896
6290855005,2016-04-16,8301,6.28,0,0,258,1182,2783
6290855005,2016-04-17,7851,5.94,31,12,225,1172,3171
6290855005,2016-04-18,6885,5.21,0,0,271,1169,2766
6290855005,2016-04-19,7142,5.40,0,0,321,1119,2839
6290855005,2016-04-20,6361,4.81,0,0,258,1182,2701
6290855005,2016-04-21,0,0.00,0,0,0,1440,2060
6290855005,2016-04-22,6238,4.72,0,0,302,1138,2796
6290855005,2016-04-23,0,0.00,33,0,0,1407,2664
6290855005,2016-04-24,5896,4.46,0,0,258,1182,2703
6290855005,2016-04-25,7802,5.90,8,3,249,1180,2771
6290855005,2016-04-26,0,0.00,0,0,0,1440,2060
6290855005,2016-04-27,5565,4.21,0,0,287,1153,2743
6290855005,2016-04-28,5731,4.33,0,0,255,1185,2687
6290855005,2016-04-29,0,0.00,0,0,0,1440,2060
6290855005,2016-04-30,6744,5.10,0,0,324,1116,2843
6290855005,2016-05-01,9837,7.44,8,95,282,1055,3327
6290855005,2016-05-02,6781,5.13,0,0,268,1172,2725
6290855005,2016-05-03,6047,4.57,0,0,240,1200,2671
6290855005,2016-05-04,5832,4.41,0,0,272,1168,2718
6290855005,2016-05-05,6339,4.79,0,0,239,1201,2682
6290855005,2016-05-06,6116,4.62,0,0,305,1135,2806
6290855005,2016-05-07,5510,4.17,0,0,227,1213,2613
6290855005,2016-05-08,7706,5.83,0,0,251,1189,2712
6290855005,2016-05-09,6277,4.75,0,0,264,800,2175
6290855005,2016-05-10,0,0.00,0,0,0,1440,0
6775888955,2016-04-12,0,0.00,0,0,0,1440,1841
6775888955,2016-04-13,4053,2.91,17,18,85,1053,2400
6775888955,2016-04-14,5162,3.70,14,24,105,863,2507
6775888955,2016-04-15,1282,0.92,0,0,58,976,2127
6775888955,2016-04-16,4732,3.39,36,18,9,1377,2225
6775888955,2016-04-17,2497,1.79,5,24,19,1392,2067
6775888955,2016-04-18,8294,5.95,30,31,146,1233,2798
6775888955,2016-04-19,0,0.00,0,0,0,1440,1841
6775888955,2016-04-20,10771,7.72,70,113,178,1079,3727
6775888955,2016-04-21,0,0.00,0,0,0,1440,1841
6775888955,2016-04-22,637,0.46,0,0,20,1420,1922
6775888955,2016-04-23,0,0.00,0,0,0,1440,1841
6775888955,2016-04-24,2153,1.54,11,18,11,1400,2053
6775888955,2016-04-25,6474,4.64,33,13,92,1302,2484
6775888955,2016-04-26,7091,5.27,42,30,47,1321,2584
6775888955,2016-04-27,0,0.00,0,0,0,1440,1841
6775888955,2016-04-28,703,0.50,2,13,15,1410,1993
6775888955,2016-04-29,0,0.00,0,0,0,1440,1841
6775888955,2016-04-30,2503,1.79,3,9,84,1344,2280
6775888955,2016-05-01,2487,1.78,9,34,50,1347,2319
6775888955,2016-05-02,0,0.00,0,0,0,1440,1841
6775888955,2016-05-03,9,0.01,0,0,1,1439,1843
6775888955,2016-05-04,0,0.00,0,0,0,1440,1841
6775888955,2016-05-05,0,0.00,0,0,0,1440,1841
6775888955,2016-05-06,4697,3.37,12,35,75,1318,2496
6775888955,2016-05-07,1967,1.41,2,5,49,551,1032
6962181067,2016-04-12,10199,6.74,50,14,189,796,1994
6962181067,2016-04-13,5652,3.74,8,24,142,548,1718
6962181067,2016-04-14,1551,1.03,0,0,86,862,1466
6962181067,2016-04-15,5563,3.68,0,0,217,837,1756
6962181067,2016-04-16,13217,8.74,50,3,280,741,2173
6962181067,2016-04-17,10145,6.71,5,13,295,634,2027
6962181067,2016-04-18,11404,7.54,13,42,238,689,2039
6962181067,2016-04-19,10742,7.10,35,41,195,659,2046
6962181067,2016-04-20,13928,9.55,48,4,297,639,2174
6962181067,2016-04-21,11835,9.71,53,27,214,708,2179
6962181067,2016-04-22,10725,7.09,30,33,240,659,2086
6962181067,2016-04-23,20031,13.24,58,41,347,484,2571
6962181067,2016-04-24,5029,3.32,0,0,199,720,1705
6962181067,2016-04-25,13239,9.27,35,31,282,637,2194
6962181067,2016-04-26,10433,6.90,36,7,254,680,2012
6962181067,2016-04-27,10320,6.82,7,38,279,697,2034
6962181067,2016-04-28,12627,8.35,38,8,288,621,2182
6962181067,2016-04-29,10762,7.11,12,15,369,645,2254
6962181067,2016-04-30,10081,6.66,32,16,237,731,2002
6962181067,2016-05-01,5454,3.61,0,0,215,722,1740
6962181067,2016-05-02,12912,8.54,18,39,313,655,2162
6962181067,2016-05-03,12109,8.12,21,36,267,654,2072
6962181067,2016-05-04,10147,6.71,15,36,284,683,2086
6962181067,2016-05-05,10524,6.96,14,22,305,591,2066
6962181067,2016-05-06,5908,3.91,0,0,299,717,1850
6962181067,2016-05-07,6815,4.50,0,0,328,745,1947
6962181067,2016-05-08,4188,2.77,0,14,151,709,1659
6962181067,2016-05-09,12342,8.72,43,21,231,607,2105
6962181067,2016-05-10,15448,10.21,62,34,275,626,2361
6962181067,2016-05-11,6722,4.44,24,7,199,709,1855
6962181067,2016-05-12,3587,2.37,0,8,105,127,928
7007744171,2016-04-12,14172,10.29,53,8,355,1024,2937
7007744171,2016-04-13,12862,9.65,56,22,261,1101,2742
7007744171,2016-04-14,11179,8.24,34,6,304,1096,2668
7007744171,2016-04-15,5273,3.53,0,0,202,1238,2098
7007744171,2016-04-16,4631,3.10,0,0,203,1155,2076
7007744171,2016-04-17,8059,5.39,0,0,305,1135,2383
7007744171,2016-04-18,14816,10.98,48,31,284,1077,2832
7007744171,2016-04-19,14194,10.48,53,17,304,1066,2812
7007744171,2016-04-20,15566,11.31,60,33,347,1000,3096
7007744171,2016-04-21,13744,9.19,30,34,327,1049,2763
7007744171,2016-04-22,15299,10.24,64,50,261,1065,2889
7007744171,2016-04-23,8093,5.41,2,25,223,1190,2284
7007744171,2016-04-24,11085,7.42,0,0,419,1021,2667
7007744171,2016-04-25,18229,13.34,51,24,379,986,3055
7007744171,2016-04-26,15090,10.10,16,22,424,978,2939
7007744171,2016-04-27,13541,10.22,50,12,337,1041,2830
7007744171,2016-04-28,15128,10.12,16,16,401,1007,2836
7007744171,2016-04-29,20067,14.30,55,42,382,961,3180
7007744171,2016-04-30,3761,2.52,0,0,200,1240,2051
7007744171,2016-05-01,5600,3.75,0,0,237,1142,2225
7007744171,2016-05-02,13041,9.18,64,14,250,1112,2642
7007744171,2016-05-03,14510,10.87,58,31,330,1021,2976
7007744171,2016-05-04,0,0.00,0,0,0,1440,1557
7007744171,2016-05-05,15010,11.10,53,23,317,1047,2933
7007744171,2016-05-06,11459,7.67,44,13,247,1136,2553
7007744171,2016-05-07,0,0.00,0,0,0,111,120
7086361926,2016-04-12,11317,8.41,59,6,153,745,2772
7086361926,2016-04-13,5813,3.62,31,26,155,744,2516
7086361926,2016-04-14,9123,6.12,35,32,189,787,2734
7086361926,2016-04-15,8585,5.67,30,21,139,864,2395
7086361926,2016-04-16,31,0.01,0,0,3,1437,1635
7086361926,2016-04-17,0,0.00,0,0,0,1440,1629
7086361926,2016-04-18,9827,6.71,61,51,114,1136,2743
7086361926,2016-04-19,10688,7.29,67,69,124,671,2944
7086361926,2016-04-20,14365,10.64,87,13,145,797,2997
7086361926,2016-04-21,9469,6.18,19,6,206,758,2463
7086361926,2016-04-22,9753,6.53,58,59,153,762,2846
7086361926,2016-04-23,2817,1.81,0,0,90,1350,1965
7086361926,2016-04-24,3520,2.16,0,0,125,566,2049
7086361926,2016-04-25,10091,6.82,69,39,129,706,2752
7086361926,2016-04-26,10387,7.07,70,33,132,726,2781
7086361926,2016-04-27,11107,8.34,55,6,145,829,2693
7086361926,2016-04-28,11584,7.80,54,48,161,810,2862
7086361926,2016-04-29,7881,4.95,24,36,182,1198,2616
7086361926,2016-04-30,14560,9.41,42,17,308,584,2995
7086361926,2016-05-01,12390,8.07,30,15,258,685,2730
7086361926,2016-05-02,10052,6.81,66,26,139,737,2754
7086361926,2016-05-03,10288,6.76,57,36,152,761,2754
7086361926,2016-05-04,10988,8.31,45,12,135,843,2655
7086361926,2016-05-05,8564,5.60,24,14,149,1253,2386
7086361926,2016-05-06,12461,8.38,84,35,154,834,2924
7086361926,2016-05-07,12827,8.48,20,42,209,621,2739
7086361926,2016-05-08,10677,7.10,32,27,147,695,2534
7086361926,2016-05-09,13566,9.11,67,50,171,743,2960
7086361926,2016-05-10,14433,10.79,72,23,106,1182,2800
7086361926,2016-05-11,9572,6.52,57,40,128,757,2735
7086361926,2016-05-12,3789,2.56,5,4,58,343,1199
8053475328,2016-04-12,18060,14.12,116,8,123,1193,3186
8053475328,2016-04-13,16433,13.35,95,12,156,1177,3140
8053475328,2016-04-14,20159,15.97,119,5,193,1123,3411
8053475328,2016-04-15,20669,16.24,132,8,158,1142,3410
8053475328,2016-04-16,14549,11.11,96,6,83,1255,2867
8053475328,2016-04-17,18827,13.69,111,21,195,1113,3213
8053475328,2016-04-18,17076,12.66,102,6,195,1137,3133
8053475328,2016-04-19,15929,12.48,90,7,191,1152,3114
8053475328,2016-04-20,15108,12.19,89,5,158,695,3043
8053475328,2016-04-21,16057,12.51,100,6,170,1164,3103
8053475328,2016-04-22,10520,8.29,60,3,117,1260,2655
8053475328,2016-04-23,22359,17.19,125,14,223,741,3554
8053475328,2016-04-24,22988,17.95,129,33,182,1096,3577
8053475328,2016-04-25,20500,15.69,118,9,209,1104,3403
8053475328,2016-04-26,12685,9.62,68,5,185,1182,2846
8053475328,2016-04-27,12422,9.82,60,10,183,1187,2852
8053475328,2016-04-28,15447,12.40,90,9,153,1188,3062
8053475328,2016-04-29,12315,9.65,58,8,159,1215,2794
8053475328,2016-04-30,7135,5.59,27,1,131,1281,2408
8053475328,2016-05-01,1170,0.85,0,0,51,1389,1886
8053475328,2016-05-02,1969,1.43,0,0,95,1345,1988
8053475328,2016-05-03,15484,11.90,87,22,165,1166,3023
8053475328,2016-05-04,14581,11.15,89,8,123,1220,2918
8053475328,2016-05-05,14990,11.51,93,9,130,1208,2950
8053475328,2016-05-06,13953,11.00,90,15,90,1245,2859
8053475328,2016-05-07,19769,15.67,121,20,148,1076,3331
8053475328,2016-05-08,22026,17.65,125,14,228,1073,3589
8053475328,2016-05-09,12465,9.38,66,12,148,1214,2765
8053475328,2016-05-10,14810,11.36,96,10,115,1219,2926
8053475328,2016-05-11,12209,9.40,60,7,184,1189,2809
8053475328,2016-05-12,4998,3.91,28,4,39,839,1505
8253242879,2016-04-12,9033,7.16,40,2,154,1244,2044
8253242879,2016-04-13,8053,6.10,35,11,96,1298,1935
8253242879,2016-04-14,5234,3.46,29,16,33,1362,1705
8253242879,2016-04-15,2672,1.77,0,0,105,1335,1632
8253242879,2016-04-16,9256,6.14,6,51,115,1268,1880
8253242879,2016-04-17,10204,7.91,41,5,157,1237,2112
8253242879,2016-04-18,5151,3.48,16,16,130,1278,1829
8253242879,2016-04-19,4212,2.78,0,0,164,1276,1763
8253242879,2016-04-20,6466,4.27,5,18,216,1201,1931
8253242879,2016-04-21,11268,8.56,49,20,172,1199,2218
8253242879,2016-04-22,2824,1.87,0,0,120,1320,1651
8253242879,2016-04-23,9282,6.26,30,26,191,1193,2132
8253242879,2016-04-24,8905,7.13,41,4,82,1313,1976
8253242879,2016-04-25,6829,4.51,7,54,118,1261,1909
8253242879,2016-04-26,4562,3.04,19,14,108,1299,1813
8253242879,2016-04-27,10232,8.18,45,5,104,1286,2008
8253242879,2016-04-28,2718,1.80,11,16,20,1393,1580
8253242879,2016-04-29,6260,4.26,16,14,136,1257,1854
8253242879,2016-04-30,0,0.00,0,0,0,1440,0
8378563200,2016-04-12,7626,6.05,65,15,156,723,3635
8378563200,2016-04-13,12386,9.82,116,14,169,680,4079
8378563200,2016-04-14,13318,10.56,123,21,174,699,4163
8378563200,2016-04-15,14461,11.47,60,23,190,729,3666
8378563200,2016-04-16,11207,8.89,64,21,142,563,3363
8378563200,2016-04-17,2132,1.69,0,0,93,599,2572
8378563200,2016-04-18,13630,10.81,117,10,174,720,4157
8378563200,2016-04-19,13070,10.36,120,19,154,737,4092
8378563200,2016-04-20,9388,7.44,82,8,169,763,3787
8378563200,2016-04-21,15148,12.01,137,16,145,677,4236
8378563200,2016-04-22,12200,9.67,113,12,159,769,4044
8378563200,2016-04-23,5709,4.53,19,10,136,740,2908
8378563200,2016-04-24,3703,2.94,0,0,135,734,2741
8378563200,2016-04-25,12405,9.84,117,16,141,692,4005
8378563200,2016-04-26,16208,12.85,90,18,161,593,3763
8378563200,2016-04-27,7359,5.84,4,4,192,676,3061
8378563200,2016-04-28,5417,4.30,11,10,139,711,2884
8378563200,2016-04-29,6175,4.90,3,7,172,767,2982
8378563200,2016-04-30,2946,2.34,0,0,121,780,2660
8378563200,2016-05-01,11419,9.06,71,10,127,669,3369
8378563200,2016-05-02,6064,4.81,63,4,142,802,3491
8378563200,2016-05-03,8712,6.91,71,20,195,822,3784
8378563200,2016-05-04,7875,6.24,19,10,167,680,3110
8378563200,2016-05-05,8567,6.79,66,3,214,764,3783
8378563200,2016-05-06,7045,5.59,74,5,166,831,3644
8378563200,2016-05-07,4468,3.54,0,0,158,851,2799
8378563200,2016-05-08,2943,2.33,0,0,139,621,2685
8378563200,2016-05-09,8382,6.65,71,13,171,772,3721
8378563200,2016-05-10,6582,5.22,63,13,152,840,3586
8378563200,2016-05-11,9143,7.25,72,10,184,763,3788
8378563200,2016-05-12,4561,3.62,8,6,102,433,1976
8583815059,2016-04-12,5014,3.91,0,7,196,1237,2650
8583815059,2016-04-13,5571,4.35,2,23,163,1252,2654
8583815059,2016-04-14,3135,2.45,0,0,134,1306,2443
8583815059,2016-04-15,3430,2.68,0,0,65,1375,2505
8583815059,2016-04-16,5319,4.15,0,0,0,1440,2693
8583815059,2016-04-17,3008,2.35,0,0,0,1440,2439
8583815059,2016-04-18,3864,3.01,4,22,105,1309,2536
8583815059,2016-04-19,5697,4.44,7,10,166,1257,2668
8583815059,2016-04-20,5273,4.11,0,27,167,1246,2647
8583815059,2016-04-21,8538,6.66,35,18,158,1229,2883
8583815059,2016-04-22,8687,6.78,4,54,212,1170,2944
8583815059,2016-04-23,9423,7.35,7,44,238,1151,3012
8583815059,2016-04-24,8286,6.46,2,44,206,1188,2889
8583815059,2016-04-25,4503,3.51,18,6,122,1294,2547
8583815059,2016-04-26,10499,8.19,1,91,214,1134,3093
8583815059,2016-04-27,12474,9.73,77,5,129,1229,3142
8583815059,2016-04-28,6174,4.82,0,28,203,1209,2757
8583815059,2016-04-29,15168,11.83,46,67,258,1069,3513
8583815059,2016-04-30,10085,7.87,2,28,317,1093,3164
8583815059,2016-05-01,4512,3.52,10,2,117,1311,2596
8583815059,2016-05-02,8469,6.61,0,0,0,1440,2894
8583815059,2016-05-03,12015,9.37,0,0,0,1440,3212
8583815059,2016-05-04,3588,2.80,0,0,0,1440,2516
8583815059,2016-05-05,12427,9.69,0,0,70,1370,3266
8583815059,2016-05-06,5843,4.56,2,22,166,1250,2683
8583815059,2016-05-07,6117,4.77,0,0,250,1190,2810
8583815059,2016-05-08,9217,7.19,3,72,182,1183,2940
8583815059,2016-05-09,9877,7.70,66,4,110,1260,2947
8583815059,2016-05-10,8240,6.43,9,43,162,1226,2846
8583815059,2016-05-11,8701,6.79,5,71,177,1106,2804
8583815059,2016-05-12,0,0.00,0,0,0,1440,0
8792009665,2016-04-12,2564,1.64,0,0,116,831,2044
8792009665,2016-04-13,1320,0.84,0,0,82,806,1934
8792009665,2016-04-14,1219,0.78,0,0,84,853,1963
8792009665,2016-04-15,2483,1.59,0,0,126,937,2009
8792009665,2016-04-16,244,0.16,0,0,12,1428,1721
8792009665,2016-04-17,0,0.00,0,0,0,1440,1688
8792009665,2016-04-18,0,0.00,0,0,0,1440,1688
8792009665,2016-04-19,0,0.00,0,0,0,1440,1688
8792009665,2016-04-20,3147,2.01,0,10,139,744,2188
8792009665,2016-04-21,144,0.09,0,0,9,1431,1720
8792009665,2016-04-22,4068,2.60,1,20,195,817,2419
8792009665,2016-04-23,5245,3.36,8,45,232,795,2748
8792009665,2016-04-24,400,0.26,3,8,19,1410,1799
8792009665,2016-04-25,0,0.00,0,0,0,1440,1688
8792009665,2016-04-26,1321,0.85,0,0,80,1360,1928
8792009665,2016-04-27,1758,1.13,0,0,112,900,2067
8792009665,2016-04-28,6157,3.94,0,0,310,714,2780
8792009665,2016-04-29,8360,5.35,6,14,380,634,3101
8792009665,2016-04-30,7174,4.59,10,20,301,749,2896
8792009665,2016-05-01,1619,1.04,0,0,79,834,1962
8792009665,2016-05-02,1831,1.17,0,0,101,916,2015
8792009665,2016-05-03,2421,1.55,0,0,156,739,2297
8792009665,2016-05-04,2283,1.46,0,0,129,848,2067
8792009665,2016-05-05,0,0.00,0,0,0,1440,1688
8792009665,2016-05-06,0,0.00,0,0,0,1440,1688
8792009665,2016-05-07,0,0.00,0,0,0,1440,1688
8792009665,2016-05-08,0,0.00,0,0,0,1440,1688
8792009665,2016-05-09,0,0.00,0,0,0,1440,1688
8792009665,2016-05-10,0,0.00,0,0,0,48,57
8877689391,2016-04-12,23186,20.40,85,7,312,1036,3921
8877689391,2016-04-13,15337,9.58,108,18,216,1098,3566
8877689391,2016-04-14,21129,18.98,68,13,298,1061,3793
8877689391,2016-04-15,13422,7.17,106,1,281,1052,3934
8877689391,2016-04-16,29326,25.29,94,29,429,888,4547
8877689391,2016-04-17,15118,8.87,58,15,307,1060,3545
8877689391,2016-04-18,11423,8.67,29,5,191,1215,2761
8877689391,2016-04-19,18785,17.40,82,13,214,1131,3676
8877689391,2016-04-20,19948,18.11,73,19,225,1123,3679
8877689391,2016-04-21,19377,17.62,82,13,226,1119,3659
8877689391,2016-04-22,18258,16.31,61,2,236,1141,3427
8877689391,2016-04-23,11200,7.43,102,6,300,1032,3891
8877689391,2016-04-24,16674,15.74,64,1,227,1148,3455
8877689391,2016-04-25,12986,8.74,113,8,218,1101,3802
8877689391,2016-04-26,11101,8.43,22,3,258,1157,2860
8877689391,2016-04-27,23629,20.65,93,8,235,1104,3808
8877689391,2016-04-28,14890,11.30,58,8,231,1143,3060
8877689391,2016-04-29,9733,7.39,18,5,210,1207,2698
8877689391,2016-04-30,27745,26.72,124,4,223,1089,4398
8877689391,2016-05-01,10930,8.32,36,12,166,1226,2786
8877689391,2016-05-02,4790,3.64,0,0,105,1335,2189
8877689391,2016-05-03,10818,8.21,19,3,229,1189,2817
8877689391,2016-05-04,18193,16.30,66,8,212,1154,3477
8877689391,2016-05-05,14055,10.67,67,15,188,1170,3052
8877689391,2016-05-06,21727,19.34,96,17,232,1095,4015
8877689391,2016-05-07,12332,8.13,105,28,271,1036,4142
8877689391,2016-05-08,10686,8.11,17,4,245,1174,2847
8877689391,2016-05-09,20226,18.25,73,19,217,1131,3710
8877689391,2016-05-10,10733,8.15,18,11,224,1187,2832
8877689391,2016-05-11,21420,19.56,88,12,213,1127,3832
8877689391,2016-05-12,8064,6.12,23,1,137,770,1849
